CNPJ;Ano;Trimestre;ValorDespesas
477;2024;2T2024;2145598327.22
477;2024;3T2024;3062074968.1
477;2024;4T2024;3879643423.77
515;2024;2T2024;283257197.42
515;2024;3T2024;294692445.1
515;2024;4T2024;225969807.76999998
582;2024;2T2024;12992341747.92
582;2024;3T2024;19935329473.75
582;2024;4T2024;27209267579.7
701;2024;2T2024;13448418350.78
701;2024;3T2024;20304697010.3
701;2024;4T2024;27263463221.51
884;2024;2T2024;986349240.36
884;2024;3T2024;1446458382.43
884;2024;4T2024;1919112391.18
5711;2024;2T2024;110402577527.48
5711;2024;3T2024;158424020712.12
5711;2024;4T2024;200213203418.46
6246;2024;2T2024;76410907564.42
6246;2024;3T2024;111351249799.99
6246;2024;4T2024;146364018327.7
300136;2024;2T2024;327882622.19
300136;2024;3T2024;519419237.95
300136;2024;4T2024;669459547.62
300195;2024;4T2024;2743712.54
300713;2024;2T2024;347675295.71
300713;2024;3T2024;534327230.19
300713;2024;4T2024;692976818.62
300730;2024;2T2024;8524019.65
300730;2024;3T2024;12919519.459999999
300730;2024;4T2024;17315836.28
301060;2024;2T2024;181232369.81
301060;2024;3T2024;277896649.58
301060;2024;4T2024;350154317.83
301124;2024;2T2024;137145921.46
301124;2024;3T2024;191535720.01
301124;2024;4T2024;234791736.53
301574;2024;2T2024;584421933.85
301574;2024;3T2024;884093807.0500001
301574;2024;4T2024;1175825708.05
301647;2024;4T2024;2431551.89
301728;2024;2T2024;185732738.62
301728;2024;3T2024;264297768.58
301728;2024;4T2024;346805695.90999997
301744;2024;2T2024;219762895.35
301744;2024;3T2024;330874667.34
301744;2024;4T2024;434188639.37
301949;2024;2T2024;2088351166.24
301949;2024;3T2024;2983735309.19
301949;2024;4T2024;3947271467.62
302147;2024;2T2024;14761131673.82
302147;2024;3T2024;22484583396.37
302147;2024;4T2024;29871716588.11
302228;2024;2T2024;65740805.96
302228;2024;3T2024;98696246.58
302228;2024;4T2024;131861381.61
302627;2024;2T2024;95325830.12
302627;2024;3T2024;139117365.8
302627;2024;4T2024;198900264.17000002
302953;2024;2T2024;1144140472.11
302953;2024;3T2024;1684284131.72
302953;2024;4T2024;2256740863.54
303178;2024;2T2024;183700117.58
303178;2024;3T2024;278532385.77
303178;2024;4T2024;368264868.04
303259;2024;4T2024;10219970.67
303267;2024;2T2024;1045338083.84
303267;2024;3T2024;1582160972.24
303267;2024;4T2024;2134252809.12
303291;2024;4T2024;2336775.38
303356;2024;2T2024;1414190307.3
303356;2024;3T2024;2233709663.6
303356;2024;4T2024;3050993946.77
303623;2024;2T2024;1731217486.77
303623;2024;3T2024;2616428842.09
303623;2024;4T2024;3498671626.3
303739;2024;2T2024;505673315.48
303739;2024;3T2024;763893281.24
303739;2024;4T2024;1011191651.95
303844;2024;2T2024;133599185.93
303844;2024;3T2024;196925127.87
303844;2024;4T2024;264682583.32
303976;2024;2T2024;4485944659.32
303976;2024;3T2024;6529826565.04
303976;2024;4T2024;8836522905.14
304051;2024;2T2024;736824964.23
304051;2024;3T2024;927012904.5600001
304051;2024;4T2024;1170576497.36
304123;2024;2T2024;131483284.2
304123;2024;3T2024;203401721.48
304123;2024;4T2024;291763900.32
304131;2024;2T2024;271073018.33
304131;2024;3T2024;419374671.53
304131;2024;4T2024;558797672.27
304212;2024;2T2024;2400807.64
304212;2024;3T2024;4933273.65
304344;2024;2T2024;254292223.4
304344;2024;3T2024;365785608.85
304344;2024;4T2024;494098937.84999996
304395;2024;2T2024;269633599.27
304395;2024;3T2024;422185778.71
304395;2024;4T2024;555554918.03
304441;2024;2T2024;47678411.9
304441;2024;3T2024;71550463.92999999
304441;2024;4T2024;95050369.44
304468;2024;2T2024;332641448.86
304468;2024;3T2024;488548828.3
304468;2024;4T2024;655094616.97
304484;2024;2T2024;139575427.35
304484;2024;3T2024;238046789.03
304484;2024;4T2024;321683114.44
304531;2024;2T2024;27364104.53
304531;2024;3T2024;39786603.89
304531;2024;4T2024;50353318.65
304701;2024;2T2024;8797151781.060001
304701;2024;3T2024;13229132535.67
304701;2024;4T2024;17576074513.66
304883;2024;2T2024;615576084.63
304883;2024;3T2024;936454231.73
304883;2024;4T2024;1229576769.39
305227;2024;2T2024;275529579.81
305227;2024;3T2024;410473823.03
305227;2024;4T2024;540059344.6
305421;2024;2T2024;14026926.57
305421;2024;3T2024;17809261.27
305421;2024;4T2024;18267081.88
305472;2024;2T2024;261147046.11
305472;2024;3T2024;379065886.36
305472;2024;4T2024;496802936.83
305626;2024;2T2024;125684531.58
305626;2024;3T2024;161654194.82999998
305626;2024;4T2024;192154679.5
305740;2024;4T2024;3334707.38
305928;2024;2T2024;17671424.78
305928;2024;3T2024;27122723.919999998
305928;2024;4T2024;34278754.84
306045;2024;2T2024;21529111.82
306045;2024;3T2024;34378487.76
306045;2024;4T2024;44359201.48
306100;2024;2T2024;418433909.62
306100;2024;3T2024;629655930.61
306100;2024;4T2024;831508571.8199999
306126;2024;2T2024;470561760.04
306126;2024;3T2024;706714376.41
306126;2024;4T2024;941365145.76
306398;2024;2T2024;1477472205.17
306398;2024;3T2024;2208513698.05
306398;2024;4T2024;2996606885.75
306754;2024;2T2024;114263451.78
306754;2024;3T2024;168039283.76999998
306754;2024;4T2024;221419791.43
306762;2024;2T2024;467249923.98
306762;2024;3T2024;715675803.99
306762;2024;4T2024;950367059.15
306886;2024;2T2024;1486537925.48
306886;2024;3T2024;2270026970.31
306886;2024;4T2024;3009928261.8
307319;2024;2T2024;694467221.02
307319;2024;3T2024;1024808307.1800001
307319;2024;4T2024;1408979432.66
307751;2024;2T2024;336864798.84
307751;2024;3T2024;522358258.43
307751;2024;4T2024;701038576.38
308811;2024;2T2024;94959721.23
308811;2024;3T2024;152282070.38
308811;2024;4T2024;203934047.65
309028;2024;2T2024;25596522.71
309028;2024;3T2024;39295985.550000004
309028;2024;4T2024;157692249.22
309087;2024;2T2024;224777958.36
309087;2024;3T2024;337069025.6
309087;2024;4T2024;440941016.05
309222;2024;2T2024;5458856913.84
309222;2024;3T2024;8005407062.889999
309222;2024;4T2024;10879196798.57
309257;2024;4T2024;477073.0
309524;2024;2T2024;69866989.84
309524;2024;3T2024;117280230.08
309524;2024;4T2024;155519505.16
309907;2024;2T2024;413927924.34
309907;2024;3T2024;600187549.2
309907;2024;4T2024;803988376.33
310107;2024;4T2024;1559113.9400000002
310131;2024;2T2024;748715.46
310131;2024;3T2024;748715.46
310131;2024;4T2024;748715.46
310239;2024;2T2024;77211668.22
310239;2024;3T2024;118345546.25
310239;2024;4T2024;164242605.14
310247;2024;2T2024;620979082.23
310247;2024;3T2024;973352493.37
310247;2024;4T2024;1336742886.52
310522;2024;2T2024;529818251.05
310522;2024;3T2024;807927221.27
310522;2024;4T2024;1077209534.86
310981;2024;2T2024;41361715.68
310981;2024;3T2024;60783257.01
311057;2024;2T2024;18750674.93
311057;2024;3T2024;27232046.94
311057;2024;4T2024;35668479.53
311146;2024;2T2024;172370443.62
311146;2024;3T2024;223927031.64999998
311146;2024;4T2024;281852186.15
311294;2024;2T2024;491530247.75
311294;2024;3T2024;745765296.41
311294;2024;4T2024;965135905.29
311359;2024;3T2024;419829645.55
311359;2024;4T2024;549560204.17
311375;2024;2T2024;520524597.45
311375;2024;3T2024;783775585.12
311375;2024;4T2024;1054658414.03
311391;2024;2T2024;28553725.51
311391;2024;3T2024;40968778.42
311391;2024;4T2024;53957373.52
311472;2024;2T2024;253447740.24
311472;2024;3T2024;390747679.93
311618;2024;2T2024;270729162.90999997
311618;2024;3T2024;429927882.8
311618;2024;4T2024;587118318.92
311669;2024;4T2024;6648623.18
311715;2024;2T2024;408885379.13
311715;2024;3T2024;621738250.53
311715;2024;4T2024;855144957.35
311847;2024;2T2024;952398228.43
311847;2024;3T2024;1412627290.03
311847;2024;4T2024;1816384282.91
311944;2024;2T2024;93557448.92
311944;2024;3T2024;137472374.2
311944;2024;4T2024;179538051.38
311961;2024;2T2024;548832128.33
311961;2024;3T2024;683150116.7
311961;2024;4T2024;805891569.73
312126;2024;2T2024;6208221766.42
312126;2024;3T2024;9308952299.22
312126;2024;4T2024;12218384250.92
312282;2024;2T2024;119785474.32
312282;2024;3T2024;178936262.4
312282;2024;4T2024;233245575.32999998
312321;2024;4T2024;14641411.5
312347;2024;2T2024;486307168.09000003
312347;2024;3T2024;692558892.0
312347;2024;4T2024;900974298.04
312363;2024;2T2024;4066961792.2
312363;2024;3T2024;11446420768.36
312363;2024;4T2024;17616595037.46
312592;2024;2T2024;302350731.44
312592;2024;3T2024;464580750.71000004
312592;2024;4T2024;618619057.12
312720;2024;2T2024;1634818101.94
312720;2024;3T2024;2450172066.61
312720;2024;4T2024;3212371546.73
312851;2024;2T2024;2368320656.39
312851;2024;3T2024;3564231637.61
312851;2024;4T2024;4655383435.25
313084;2024;2T2024;142521984.14000002
313084;2024;3T2024;209120321.55
313084;2024;4T2024;277322530.82
313149;2024;2T2024;25852216.8
313149;2024;3T2024;37002793.08
313149;2024;4T2024;49203705.75
313211;2024;2T2024;314780321.01
313211;2024;3T2024;474622404.78999996
313211;2024;4T2024;658967457.69
313475;2024;2T2024;39300272.45
313475;2024;3T2024;58113257.71
313475;2024;4T2024;76378579.26
313751;2024;2T2024;96673091.48
313751;2024;3T2024;147310452.37
313751;2024;4T2024;200740629.12
313807;2024;4T2024;6717183.41
313955;2024;2T2024;52303921.12
313955;2024;3T2024;52942974.92
313955;2024;4T2024;42144338.53
314099;2024;2T2024;597570081.74
314099;2024;3T2024;908099183.57
314099;2024;4T2024;1225291928.42
314218;2024;2T2024;1856893487.52
314218;2024;3T2024;2738443241.74
314218;2024;4T2024;3612141948.35
314242;2024;2T2024;106489162.58
314242;2024;3T2024;159701689.19
314242;2024;4T2024;205856468.77
314251;2024;2T2024;193758125.17000002
314251;2024;3T2024;288640690.95
314251;2024;4T2024;373563634.19
314315;2024;2T2024;24127679.39
314315;2024;3T2024;36350500.51
314315;2024;4T2024;48860397.44
314366;2024;2T2024;7131501.97
314366;2024;3T2024;10797971.75
314366;2024;4T2024;14652845.34
314587;2024;2T2024;124640381.54
314587;2024;3T2024;182385503.05
314587;2024;4T2024;240813843.31
314668;2024;2T2024;395995414.46
314668;2024;3T2024;649770295.25
314668;2024;4T2024;942864234.38
314706;2024;2T2024;44212825.32
314706;2024;3T2024;62883028.61
314706;2024;4T2024;77782579.85
314757;2024;4T2024;0.0
314781;2024;2T2024;68191256.18
314781;2024;3T2024;109901286.99000001
314781;2024;4T2024;151921971.78
314871;2024;4T2024;12589870.52
315044;2024;2T2024;591363389.6
315044;2024;3T2024;890085370.23
315044;2024;4T2024;1188036415.01
315265;2024;2T2024;220824389.84
315265;2024;3T2024;318167918.2
315265;2024;4T2024;400970402.65000004
315478;2024;2T2024;4563812008.92
315478;2024;3T2024;6792314529.01
315478;2024;4T2024;8818263865.04
315494;2024;2T2024;102082926.7
315494;2024;3T2024;151731976.09
315494;2024;4T2024;202026012.99
315567;2024;2T2024;431262191.34000003
315567;2024;3T2024;651351068.45
315567;2024;4T2024;871034075.56
315583;2024;3T2024;215260083.92
315583;2024;4T2024;254464236.88
315648;2024;2T2024;116534087.82000001
315648;2024;3T2024;178156051.73
315648;2024;4T2024;230946838.57999998
315729;2024;2T2024;1591424915.26
315729;2024;3T2024;2347528407.81
315729;2024;4T2024;3158581285.77
315796;2024;2T2024;1198494940.59
315796;2024;3T2024;1803132696.37
315796;2024;4T2024;2347585358.57
316148;2024;2T2024;312488901.96
316148;2024;3T2024;468380338.43
316148;2024;4T2024;623481823.7
316458;2024;2T2024;69190903.87
316458;2024;3T2024;108377800.15
316458;2024;4T2024;137997492.49
316849;2024;2T2024;15350862.700000001
316849;2024;3T2024;23964443.46
316849;2024;4T2024;33807034.55
316873;2024;2T2024;403611834.34
316873;2024;3T2024;601400463.37
316873;2024;4T2024;765115548.38
316881;2024;2T2024;373335402.51
316881;2024;3T2024;566000545.41
316881;2024;4T2024;752959435.12
316903;2024;2T2024;1799476.09
316903;2024;3T2024;2371559.72
316903;2024;4T2024;2129407.91
316997;2024;2T2024;17220046.23
316997;2024;3T2024;25301524.66
316997;2024;4T2024;33587002.02
317012;2024;2T2024;166327337.37
317012;2024;3T2024;242825957.78
317012;2024;4T2024;321405428.61
317144;2024;2T2024;7058909579.18
317144;2024;3T2024;10434119253.34
317144;2024;4T2024;13581970351.85
317233;2024;2T2024;1176025034.3500001
317233;2024;3T2024;1525038771.86
317233;2024;4T2024;1890011902.61
317632;2024;2T2024;825974088.73
317632;2024;3T2024;1237907436.66
317632;2024;4T2024;1650423555.05
317896;2024;2T2024;180767938.25
317896;2024;3T2024;219963693.91
317896;2024;4T2024;319180758.94
318035;2024;2T2024;145462038.8
318035;2024;3T2024;200436499.54
318035;2024;4T2024;261022495.26
318213;2024;2T2024;165894164.01
318213;2024;3T2024;250987588.46
318213;2024;4T2024;331318020.55
318299;2024;2T2024;587827197.96
318299;2024;3T2024;890026765.58
318299;2024;4T2024;1227529154.66
318388;2024;2T2024;342380889.87
318388;2024;3T2024;443485516.72
318388;2024;4T2024;623676843.72
318477;2024;2T2024;262194207.27
318477;2024;3T2024;398657610.19
318477;2024;4T2024;562274704.98
318566;2024;2T2024;263913071.13
318566;2024;3T2024;452384512.36
318566;2024;4T2024;617247347.51
319121;2024;2T2024;1719019112.1100001
319121;2024;3T2024;2556705047.15
319121;2024;4T2024;3306315429.44
319180;2024;2T2024;162785955.71
319180;2024;3T2024;232737426.64999998
319180;2024;4T2024;305197013.68
319350;2024;4T2024;9972451.81
319384;2024;2T2024;488224893.06
319384;2024;3T2024;714772094.34
319384;2024;4T2024;963056395.93
319422;2024;2T2024;203794449.64000002
319422;2024;3T2024;312891961.45
319422;2024;4T2024;411600862.65999997
319708;2024;2T2024;823363363.3
319708;2024;3T2024;1218458056.6299999
319708;2024;4T2024;1589331083.8
319872;2024;2T2024;16152594.41
319872;2024;3T2024;20138044.06
319872;2024;4T2024;23693742.349999998
319996;2024;2T2024;3723830063.67
319996;2024;3T2024;5351950520.97
319996;2024;4T2024;6960100539.61
320251;2024;2T2024;639621928.8100001
320251;2024;3T2024;639621928.8100001
320251;2024;4T2024;1197034266.32
320510;2024;2T2024;236556506.0
320510;2024;3T2024;321078849.82
320510;2024;4T2024;390124820.05
320706;2024;2T2024;1008824827.03
320706;2024;3T2024;1515795241.83
320706;2024;4T2024;2002728684.3100002
320820;2024;2T2024;130601890.23
320820;2024;3T2024;197034724.89000002
320820;2024;4T2024;254626634.66
320838;2024;2T2024;28160761.45
320838;2024;3T2024;42897132.95999999
320838;2024;4T2024;56712177.44
320862;2024;2T2024;300528604.14
320862;2024;3T2024;445968674.54
320862;2024;4T2024;582815310.97
320897;2024;2T2024;204309891.13
320897;2024;3T2024;321967808.12
320897;2024;4T2024;440554833.69
321044;2024;2T2024;2489884775.64
321044;2024;3T2024;3786307097.88
321044;2024;4T2024;5048420680.17
321087;2024;2T2024;158786829.24
321087;2024;3T2024;235717493.93
321087;2024;4T2024;304631801.87
321125;2024;2T2024;47036165.44
321125;2024;3T2024;72030075.88
321125;2024;4T2024;95804030.61
321273;2024;2T2024;1695736120.8700001
321273;2024;3T2024;2544683123.77
321273;2024;4T2024;3387841694.76
321320;2024;2T2024;71683989.95
321320;2024;3T2024;109283866.98
321320;2024;4T2024;147329460.92000002
321338;2024;2T2024;108124939.37
321338;2024;3T2024;160185044.55
321338;2024;4T2024;209358369.41
321931;2024;2T2024;116093429.52
321931;2024;3T2024;176673659.25
321931;2024;4T2024;242080699.33
321958;2024;2T2024;835367878.8
321958;2024;3T2024;1265056275.39
321958;2024;4T2024;1668598380.36
322326;2024;2T2024;29194559.7
322326;2024;3T2024;41156025.19
322326;2024;4T2024;51356978.3
322571;2024;2T2024;356392638.51
322571;2024;3T2024;522527848.39
322571;2024;4T2024;695333983.16
322831;2024;2T2024;229935965.8
322831;2024;3T2024;343074541.69
322831;2024;4T2024;441350045.25
322890;2024;2T2024;12431570.98
322890;2024;3T2024;18403691.57
322890;2024;4T2024;25510378.950000003
323004;2024;2T2024;51511334.98
323004;2024;3T2024;78504002.14
323004;2024;4T2024;99964633.41
323055;2024;2T2024;156490530.07
323055;2024;3T2024;236748099.82999998
323055;2024;4T2024;331652848.25
323080;2024;2T2024;12204942451.51
323080;2024;3T2024;17716463851.68
323080;2024;4T2024;22924561704.25
323268;2024;2T2024;846819258.22
323268;2024;3T2024;1320406499.11
323268;2024;4T2024;1813549972.74
323357;2024;2T2024;210573000.51000002
323357;2024;3T2024;307371912.99
323357;2024;4T2024;402988603.88
323926;2024;2T2024;224349894.31
323926;2024;3T2024;347102639.76
323926;2024;4T2024;442706816.23
323942;2024;2T2024;109677674.0
323942;2024;3T2024;157869659.23000002
323942;2024;4T2024;200849545.4
323993;2024;2T2024;594802385.15
323993;2024;3T2024;864654077.97
323993;2024;4T2024;1153794664.22
324159;2024;2T2024;183003500.12
324159;2024;3T2024;276694433.3
324159;2024;4T2024;366950303.23
324175;2024;2T2024;78971577.35
324175;2024;3T2024;132966915.13
324175;2024;4T2024;179839583.28
324213;2024;2T2024;52906399.33
324213;2024;3T2024;58089704.05
324213;2024;4T2024;60553062.94
324299;2024;2T2024;82876915.17
324299;2024;3T2024;122340665.52
324299;2024;4T2024;160662759.83
324345;2024;2T2024;369692551.57
324345;2024;3T2024;556035720.97
324345;2024;4T2024;750948082.89
324361;2024;2T2024;754830281.45
324361;2024;3T2024;1131306934.7
324361;2024;4T2024;1459102287.4199998
324477;2024;2T2024;949052933.58
324477;2024;3T2024;1384410941.31
324477;2024;4T2024;1786913776.75
324493;2024;2T2024;530257429.34
324493;2024;3T2024;791944521.89
324493;2024;4T2024;1050990243.55
324523;2024;2T2024;86200.39
324523;2024;3T2024;85730.16
324523;2024;4T2024;83561.4
324566;2024;2T2024;282238592.66
324566;2024;3T2024;408896527.55
324566;2024;4T2024;532134408.90000004
324710;2024;4T2024;49070.8
325031;2024;2T2024;218543382.16
325031;2024;3T2024;335495544.57
325031;2024;4T2024;438362999.49
325082;2024;2T2024;46191453.03
325082;2024;3T2024;61279354.24
325082;2024;4T2024;99922978.33
325236;2024;2T2024;191607201.17
325236;2024;3T2024;311413221.09
325236;2024;4T2024;425263272.91
325465;2024;2T2024;90449274.91
325465;2024;3T2024;135114014.69
325465;2024;4T2024;176336458.89
325571;2024;2T2024;2704719944.05
325571;2024;3T2024;4153483881.55
325571;2024;4T2024;5479040214.98
326089;2024;2T2024;120422752.19
326089;2024;3T2024;170992268.52
326089;2024;4T2024;153141264.26
326305;2024;2T2024;61707852629.07
326305;2024;3T2024;91295618794.8
326305;2024;4T2024;121371231831.88
326500;2024;2T2024;891925731.18
326500;2024;3T2024;1389572634.04
326500;2024;4T2024;1923176119.57
326755;2024;2T2024;385385474.42
326755;2024;3T2024;600338352.48
326755;2024;4T2024;842879594.62
326861;2024;2T2024;767773915.62
326861;2024;3T2024;1155402449.38
326861;2024;4T2024;1550706323.2099998
327093;2024;4T2024;25659523.75
327328;2024;2T2024;3004735.94
327328;2024;3T2024;4464977.28
327328;2024;4T2024;5925218.62
327352;2024;2T2024;127283117.12
327352;2024;3T2024;182903506.6
327352;2024;4T2024;236387189.6
327417;2024;2T2024;719469709.76
327417;2024;3T2024;1041921248.66
327417;2024;4T2024;1337719633.98
327441;2024;4T2024;12424612.01
327468;2024;2T2024;48694914.04
327468;2024;3T2024;69735526.75
327557;2024;2T2024;254970952.09
327557;2024;3T2024;417096542.79
327557;2024;4T2024;550413838.0
327638;2024;2T2024;48134567.8
327638;2024;3T2024;75528089.51
327638;2024;4T2024;99600716.03
327689;2024;2T2024;2453977254.91
327689;2024;3T2024;3664197546.36
327689;2024;4T2024;4785778911.43
327867;2024;4T2024;14249289.25
328031;2024;2T2024;1182382.76
328031;2024;3T2024;1125805.76
328073;2024;2T2024;162262042.88
328073;2024;3T2024;219602072.01
328073;2024;4T2024;207205271.62
328294;2024;2T2024;337957070.3
328294;2024;3T2024;519834472.69
328294;2024;4T2024;651055513.52
328308;2024;2T2024;99052278.17999999
328308;2024;3T2024;150715065.27
328308;2024;4T2024;197137668.78
328375;2024;2T2024;75475344.33
328375;2024;3T2024;108856367.33
328375;2024;4T2024;145566951.78
328537;2024;2T2024;315151057.2
328537;2024;3T2024;492014659.39
328537;2024;4T2024;681644715.83
329339;2024;2T2024;908871858.11
329339;2024;3T2024;1358846652.39
329339;2024;4T2024;1778498615.69
329355;2024;2T2024;108282235.32000001
329355;2024;3T2024;169143719.02
329355;2024;4T2024;224190754.45
329665;2024;2T2024;95796656.23
329665;2024;3T2024;151237821.4
329665;2024;4T2024;204358445.15
329886;2024;2T2024;258354903.52
329886;2024;3T2024;384837082.23
329886;2024;4T2024;521037651.65
329967;2024;4T2024;1809635.35
330108;2024;2T2024;308223160.18
330108;2024;3T2024;456899867.39
330108;2024;4T2024;607566407.6800001
330116;2024;2T2024;117709087.21000001
330116;2024;3T2024;170713340.04
330116;2024;4T2024;219628238.33
330264;2024;2T2024;307204948.67
330264;2024;3T2024;459945714.45
330264;2024;4T2024;623055917.42
330281;2024;2T2024;113543937.86
330281;2024;3T2024;171471641.29999998
330281;2024;4T2024;238509059.48
330566;2024;2T2024;325239760.92
330566;2024;3T2024;483853741.14
330566;2024;4T2024;588400545.14
330809;2024;2T2024;264197111.92
330809;2024;3T2024;405889309.62
330809;2024;4T2024;533376646.04
330892;2024;2T2024;58735621.33
330892;2024;3T2024;85080374.95
330892;2024;4T2024;114106457.17
331104;2024;4T2024;13954350.709999999
331317;2024;2T2024;1003530493.0
331317;2024;3T2024;1532697650.04
331317;2024;4T2024;2001735795.66
331341;2024;2T2024;575393138.46
331341;2024;3T2024;868066670.87
331341;2024;4T2024;1148035796.0
331651;2024;2T2024;253925169.72
331651;2024;3T2024;386370607.51
331651;2024;4T2024;505999827.42
331872;2024;2T2024;1580961212.98
331872;2024;3T2024;2406453137.5099998
331872;2024;4T2024;3203429264.93
331988;2024;2T2024;1522717399.58
331988;2024;3T2024;1970448742.0
331988;2024;4T2024;2708430113.75
333051;2024;2T2024;606341329.15
333051;2024;3T2024;945745470.73
333051;2024;4T2024;1273000977.53
333239;2024;2T2024;2976765.63
333239;2024;3T2024;4875579.6899999995
333239;2024;4T2024;34063.33
333620;2024;4T2024;5928904.69
333662;2024;2T2024;552882288.45
333662;2024;3T2024;789851141.34
333662;2024;4T2024;1059685388.62
333689;2024;2T2024;984144216.02
333689;2024;3T2024;1371325581.65
333689;2024;4T2024;1718011839.46
333808;2024;2T2024;128735421.15
333808;2024;3T2024;192020497.13
333808;2024;4T2024;257739098.19
333867;2024;2T2024;40181315.04
333867;2024;3T2024;55715391.96
333867;2024;4T2024;75072214.84
333875;2024;2T2024;150263404.73
333875;2024;3T2024;242358151.3
333875;2024;4T2024;306508177.18
334154;2024;2T2024;232479137.08
334154;2024;3T2024;355770944.05
334154;2024;4T2024;461893666.03000003
334243;2024;2T2024;17895549.25
334243;2024;3T2024;27616985.029999997
334243;2024;4T2024;37671979.73
334511;2024;2T2024;10745457.56
334511;2024;3T2024;16350786.39
334511;2024;4T2024;21415225.34
334561;2024;2T2024;2018063264.27
334561;2024;3T2024;2990193008.84
334561;2024;4T2024;3980077384.08
334847;2024;2T2024;60833286.58
334847;2024;3T2024;82900523.32000001
334847;2024;4T2024;113371357.25
335100;2024;2T2024;3337433069.7400002
335100;2024;3T2024;5057429051.96
335100;2024;4T2024;6587353958.82
335215;2024;2T2024;378634371.43
335215;2024;3T2024;562007083.51
335215;2024;4T2024;720176456.85
335258;2024;2T2024;58670506.620000005
335258;2024;3T2024;89085436.99
335258;2024;4T2024;119770709.17
335479;2024;2T2024;922303125.03
335479;2024;3T2024;1422208193.82
335479;2024;4T2024;1894607012.9
335517;2024;2T2024;218232366.47
335517;2024;3T2024;337620759.63
335517;2024;4T2024;439944700.74
335525;2024;4T2024;18057605.3
335541;2024;2T2024;193996325.04
335541;2024;3T2024;280692748.46
335541;2024;4T2024;359487001.69
335592;2024;2T2024;3265546448.81
335592;2024;3T2024;4908690151.46
335592;2024;4T2024;6408624394.92
335614;2024;2T2024;2643893355.57
335614;2024;3T2024;4196754429.7200003
335614;2024;4T2024;6045649088.98
335657;2024;2T2024;76485303.49
335657;2024;3T2024;109977864.80999999
335657;2024;4T2024;144185193.25
335690;2024;2T2024;8419900910.32
335690;2024;3T2024;12748928286.699999
335690;2024;4T2024;16493359571.119999
335754;2024;2T2024;262164335.63
335754;2024;3T2024;382809126.46000004
335754;2024;4T2024;512772993.9
335789;2024;2T2024;86690873.27
335789;2024;3T2024;119782883.83
335789;2024;4T2024;154669525.28
336017;2024;4T2024;20659235.52
336025;2024;2T2024;659550.03
336025;2024;3T2024;901626.41
336025;2024;4T2024;1154524.42
336106;2024;2T2024;956419198.07
336106;2024;3T2024;1413508330.83
336106;2024;4T2024;1873758483.92
336238;2024;4T2024;1154790.6099999999
336467;2024;2T2024;46283615.15
336467;2024;3T2024;70606403.3
336467;2024;4T2024;91359967.99
336831;2024;2T2024;362822155.85
336831;2024;3T2024;535665748.51
336831;2024;4T2024;635788895.1
336858;2024;2T2024;275381340.61
336858;2024;3T2024;420585213.41
336858;2024;4T2024;1857369958.1100001
336874;2024;4T2024;6350529.359999999
337188;2024;2T2024;753374702.85
337188;2024;3T2024;1158650990.31
337188;2024;4T2024;1514148153.79
337374;2024;2T2024;851797826.91
337374;2024;3T2024;1241336335.47
337374;2024;4T2024;1660891240.22
337498;2024;2T2024;219806642.11
337498;2024;3T2024;332965596.19
337498;2024;4T2024;432030700.23
337561;2024;2T2024;50451439.77
337561;2024;3T2024;70970911.69
337561;2024;4T2024;87923223.59
337668;2024;2T2024;1593489126.77
337668;2024;3T2024;2376392238.9900002
337668;2024;4T2024;3089251880.97
337871;2024;2T2024;465573813.24
337871;2024;3T2024;702276008.96
337871;2024;4T2024;943747742.18
338346;2024;2T2024;138854809.26
338346;2024;3T2024;280770671.5
338346;2024;4T2024;404466994.41
338648;2024;2T2024;520083230.09000003
338648;2024;3T2024;759292244.23
338648;2024;4T2024;917325346.02
339458;2024;2T2024;12268037.62
339458;2024;3T2024;17883592.91
339458;2024;4T2024;23901751.0
339636;2024;4T2024;353016577.23
339679;2024;2T2024;24331464769.73
339679;2024;3T2024;34603832407.27
339679;2024;4T2024;45410836044.17
339954;2024;2T2024;1821782084.32
339954;2024;3T2024;2723053388.66
339954;2024;4T2024;3664637997.53
340120;2024;4T2024;13594390.6
340162;2024;2T2024;18140983.61
340162;2024;3T2024;18140983.61
340162;2024;4T2024;33144109.240000002
340251;2024;2T2024;187074820.19
340251;2024;3T2024;279042749.61
340251;2024;4T2024;360369374.9
340782;2024;2T2024;2221845530.76
340782;2024;3T2024;3069670746.58
340782;2024;4T2024;3849827726.39
340952;2024;2T2024;1056772848.76
340952;2024;3T2024;1594870520.25
340952;2024;4T2024;2123483769.0
341819;2024;2T2024;1497737.8499999999
341819;2024;3T2024;2525202.13
341819;2024;4T2024;3067362.3
341894;2024;4T2024;5045001.59
341941;2024;2T2024;54208544.49
341941;2024;3T2024;83248763.16
341941;2024;4T2024;108152390.44
342033;2024;2T2024;1764117466.3899999
342033;2024;3T2024;2753636321.39
342033;2024;4T2024;3614094507.1400003
342084;2024;2T2024;3666038709.54
342084;2024;3T2024;5555373920.32
342084;2024;4T2024;7276491196.4
342131;2024;2T2024;133437328.87
342131;2024;3T2024;138810754.63
342131;2024;4T2024;236071320.65
342157;2024;2T2024;31707985.52
342157;2024;3T2024;51180897.7
342157;2024;4T2024;75035446.52
342203;2024;2T2024;43012985.089999996
342203;2024;3T2024;65429667.019999996
342203;2024;4T2024;88952217.17
342335;2024;4T2024;8119437.0
342343;2024;2T2024;183229176.45999998
342343;2024;3T2024;270868195.57
342343;2024;4T2024;355696353.62
342386;2024;2T2024;134754807.79
342386;2024;3T2024;202058855.74
342386;2024;4T2024;267089344.65
342556;2024;2T2024;582444167.1800001
342556;2024;3T2024;892108197.38
342556;2024;4T2024;1180628600.3
342611;2024;2T2024;440338030.6
342611;2024;3T2024;673225523.22
342611;2024;4T2024;909580509.72
342807;2024;2T2024;473050612.43
342807;2024;3T2024;679876728.38
342807;2024;4T2024;897023590.96
342955;2024;2T2024;10642606.46
342955;2024;3T2024;16168119.540000001
342955;2024;4T2024;15192500.95
343056;2024;2T2024;11328915.89
343056;2024;3T2024;16912442.439999998
343056;2024;4T2024;22683248.16
343064;2024;2T2024;228061099.87
343064;2024;3T2024;323607562.71999997
343064;2024;4T2024;414490473.77000004
343129;2024;2T2024;81730116.93
343129;2024;3T2024;119013095.04
343129;2024;4T2024;154979711.19
343153;2024;2T2024;28220690.11
343153;2024;3T2024;40076025.87
343153;2024;4T2024;54107684.56
343269;2024;2T2024;2605430389.79
343269;2024;3T2024;3953467012.3999996
343269;2024;4T2024;5308221975.75
343331;2024;2T2024;199390737.41
343331;2024;3T2024;304610693.89
343331;2024;4T2024;419549073.03999996
343404;2024;2T2024;5289502.33
343404;2024;3T2024;7761568.7299999995
343404;2024;4T2024;10537432.89
343463;2024;2T2024;185697526.71
343463;2024;3T2024;265339204.70000002
343463;2024;4T2024;350735404.73
343676;2024;2T2024;165139691.45999998
343676;2024;3T2024;236116607.7
343676;2024;4T2024;311538206.85
343684;2024;2T2024;158336071.78
343684;2024;3T2024;238362011.14000002
343684;2024;4T2024;311581316.71
343722;2024;2T2024;50031081.23
343722;2024;3T2024;71948055.55
343722;2024;4T2024;96453749.94
343731;2024;2T2024;3057403315.49
343731;2024;3T2024;4447012582.09
343731;2024;4T2024;5788126302.94
343765;2024;2T2024;72580397.45
343765;2024;3T2024;105224780.64
343765;2024;4T2024;137379787.61
343889;2024;2T2024;15270689654.33
343889;2024;3T2024;22336101913.829998
343889;2024;4T2024;30130518312.74
343919;2024;4T2024;5302266.9
344095;2024;4T2024;1929321.4
344141;2024;2T2024;20566724.61
344141;2024;3T2024;30273440.830000002
344141;2024;4T2024;39129983.69
344184;2024;2T2024;11683207.33
344184;2024;3T2024;17109808.54
344184;2024;4T2024;20224218.49
344362;2024;2T2024;563591940.99
344362;2024;3T2024;814871456.43
344362;2024;4T2024;1032978671.66
344397;2024;2T2024;1107704678.65
344397;2024;3T2024;1574173737.26
344397;2024;4T2024;2041356658.89
344451;2024;2T2024;48010286.61
344451;2024;3T2024;74882900.35
344451;2024;4T2024;102783344.28
344486;2024;4T2024;5421813.649999999
344583;2024;4T2024;455082.27
344681;2024;4T2024;12146802.2
344729;2024;2T2024;392488414.49
344729;2024;3T2024;599272481.05
344729;2024;4T2024;788918894.0
344788;2024;2T2024;49023032.480000004
344788;2024;3T2024;72812896.85
344788;2024;4T2024;92747160.21
344800;2024;2T2024;419130449.48
344800;2024;3T2024;1149873256.8899999
344800;2024;4T2024;1547970208.68
344885;2024;2T2024;4042593515.43
344885;2024;3T2024;6067793101.2
344885;2024;4T2024;7960923289.4800005
344915;2024;2T2024;13164010.469999999
344915;2024;3T2024;18812877.82
344915;2024;4T2024;23893147.85
345091;2024;2T2024;162842679.61
345091;2024;3T2024;209213074.42999998
345091;2024;4T2024;280127204.44
345318;2024;2T2024;52779837.85
345318;2024;3T2024;78873420.49
345318;2024;4T2024;102981666.86
345458;2024;2T2024;200213118.54
345458;2024;3T2024;295501364.23
345458;2024;4T2024;380172815.7
345598;2024;2T2024;509861544.31
345598;2024;3T2024;775663147.0300001
345598;2024;4T2024;1043490361.18
345709;2024;2T2024;369099688.66
345709;2024;3T2024;562085037.8199999
345709;2024;4T2024;747860410.9300001
345741;2024;2T2024;30800029.93
345741;2024;3T2024;46322643.35
345741;2024;4T2024;58496060.75
345776;2024;2T2024;149435123.41
345776;2024;3T2024;227497834.25
345776;2024;4T2024;299100221.03000003
346004;2024;2T2024;47332909.36
346004;2024;3T2024;72686594.44
346004;2024;4T2024;98872894.6
346209;2024;2T2024;283451836.83
346209;2024;3T2024;427831236.84000003
346209;2024;4T2024;587367696.63
346276;2024;2T2024;595665301.23
346276;2024;3T2024;929352543.14
346276;2024;4T2024;1232150070.12
346659;2024;2T2024;21475770979.86
346659;2024;3T2024;31180309294.68
346659;2024;4T2024;41293983428.58
346870;2024;2T2024;70663912.13
346870;2024;3T2024;100147371.52
346870;2024;4T2024;119983206.11
346926;2024;2T2024;3211071109.33
346926;2024;3T2024;4979532199.59
346926;2024;4T2024;6790380312.900001
346951;2024;2T2024;179566039.25
346951;2024;3T2024;267172134.14000002
346951;2024;4T2024;355129862.49
347108;2024;2T2024;147040285.3
347108;2024;3T2024;214712637.12
347108;2024;4T2024;320987069.62
347302;2024;4T2024;4736394.64
347477;2024;4T2024;17469060.67
347507;2024;2T2024;580662827.66
347507;2024;3T2024;847943485.86
347507;2024;4T2024;1121296025.74
347604;2024;2T2024;24952095.23
347604;2024;3T2024;37686574.339999996
347604;2024;4T2024;50087662.809999995
347655;2024;2T2024;282885975.49
347655;2024;3T2024;427614803.87
347655;2024;4T2024;573454213.5600001
347736;2024;2T2024;124522346.18
347736;2024;3T2024;176926051.73
347736;2024;4T2024;221988135.35
347795;2024;2T2024;19125831.54
347795;2024;3T2024;27584403.169999998
347795;2024;4T2024;35589413.51
347825;2024;2T2024;53982796.05
347825;2024;3T2024;72517894.08
347825;2024;4T2024;93532041.16
348082;2024;2T2024;651968368.13
348082;2024;3T2024;989677384.4399999
348082;2024;4T2024;1304761023.38
348180;2024;2T2024;992461869.3199999
348180;2024;3T2024;1495905170.08
348180;2024;4T2024;2040528251.33
348244;2024;2T2024;285007475.3
348244;2024;3T2024;412599427.61
348244;2024;4T2024;538972519.75
348261;2024;2T2024;144522598.27
348261;2024;3T2024;217784506.08
348261;2024;4T2024;285270121.04
348295;2024;2T2024;2642188779.4
348295;2024;3T2024;3990258524.98
348295;2024;4T2024;5350383502.0
348520;2024;2T2024;2901915190.16
348520;2024;3T2024;4327984378.31
348520;2024;4T2024;5021969615.71
348830;2024;2T2024;500101866.81
348830;2024;3T2024;819855554.79
348830;2024;4T2024;1108373303.6
349011;2024;4T2024;10423392.709999999
349283;2024;4T2024;463929.35000000003
349534;2024;2T2024;351185799.93
349534;2024;3T2024;512752277.79
349534;2024;4T2024;649608902.28
349682;2024;2T2024;806499130.93
349682;2024;3T2024;1191826429.27
349682;2024;4T2024;1603795647.0800002
349712;2024;2T2024;966981377.55
349712;2024;3T2024;1437699091.66
349712;2024;4T2024;1896318393.01
350141;2024;2T2024;953962149.08
350141;2024;3T2024;1575151892.43
350141;2024;4T2024;2195467313.12
350249;2024;2T2024;906503020.05
350249;2024;3T2024;1318753741.61
350249;2024;4T2024;1652645662.99
350290;2024;4T2024;4132175.99
350346;2024;2T2024;90293349.71
350346;2024;3T2024;136431052.26
350346;2024;4T2024;163982515.86
350371;2024;2T2024;628905060.79
350371;2024;3T2024;927680490.55
350371;2024;4T2024;1240874573.1
350494;2024;2T2024;208565508.46
350494;2024;3T2024;317079447.83
350494;2024;4T2024;421678785.44
350630;2024;4T2024;15399766.9
350648;2024;2T2024;81368794.96
350648;2024;3T2024;122814612.82000001
350648;2024;4T2024;170219856.98
350699;2024;2T2024;217256447.44
350699;2024;3T2024;345829783.39
350699;2024;4T2024;483259027.43
350729;2024;2T2024;12591312.16
350729;2024;3T2024;12231996.21
350770;2024;2T2024;15021978.65
350770;2024;3T2024;20959565.79
350770;2024;4T2024;26176070.95
351202;2024;2T2024;1976564325.04
351202;2024;3T2024;3004845059.81
351202;2024;4T2024;4047676990.29
351270;2024;2T2024;92067317.11
351270;2024;3T2024;139228551.27
351270;2024;4T2024;180844937.16
351351;2024;4T2024;5858608.8
351407;2024;2T2024;383512229.98
351407;2024;3T2024;566640888.74
351407;2024;4T2024;722756763.74
351628;2024;4T2024;922844.48
351776;2024;2T2024;68132466.21
351776;2024;3T2024;110060484.9
351776;2024;4T2024;145355177.57
351792;2024;2T2024;263352500.1
351792;2024;3T2024;398993942.05
351792;2024;4T2024;525988036.66
352152;2024;4T2024;5609305.05
352179;2024;2T2024;283675225.42
352179;2024;3T2024;406721605.12
352179;2024;4T2024;536745359.96
352314;2024;2T2024;254958643.15
352314;2024;3T2024;365788187.36
352314;2024;4T2024;485217238.78999996
352331;2024;2T2024;2843170088.32
352331;2024;3T2024;4402221842.7
352331;2024;4T2024;5961113521.98
352501;2024;2T2024;9393136865.6
352501;2024;3T2024;14518958752.89
352501;2024;4T2024;19351865672.44
352519;2024;2T2024;50448227.3
352519;2024;3T2024;80911682.59
352519;2024;4T2024;107039582.86999999
352543;2024;2T2024;654187391.74
352543;2024;3T2024;975791848.47
352543;2024;4T2024;1280235921.71
352586;2024;2T2024;276405179.77
352586;2024;3T2024;371250960.24
352586;2024;4T2024;460897536.54999995
352683;2024;2T2024;688975858.53
352683;2024;3T2024;1050896938.92
352683;2024;4T2024;1434207728.61
353027;2024;2T2024;186451635.59
353027;2024;3T2024;316015464.04
353027;2024;4T2024;396232383.07
353060;2024;2T2024;684427077.24
353060;2024;3T2024;1020573800.18
353060;2024;4T2024;1334744234.04
353264;2024;2T2024;62838231.14
353264;2024;3T2024;93528978.38000001
353264;2024;4T2024;124051646.34
353353;2024;2T2024;1469700291.6599998
353353;2024;3T2024;2192964298.72
353353;2024;4T2024;2847719602.09
353477;2024;4T2024;434654.04
353663;2024;2T2024;1101098030.59
353663;2024;3T2024;1629132598.94
353663;2024;4T2024;2146714171.7
353698;2024;2T2024;64246912.88
353698;2024;3T2024;90137833.67
353698;2024;4T2024;115799320.94
353752;2024;4T2024;10657071.91
353876;2024;2T2024;86063395.75999999
353876;2024;3T2024;134350562.4
353876;2024;4T2024;181229911.41
353892;2024;4T2024;532694.6
354031;2024;2T2024;1250410822.66
354031;2024;3T2024;1882020514.48
354031;2024;4T2024;2503414949.6
354066;2024;2T2024;1119282855.79
354066;2024;3T2024;1616051197.08
354066;2024;4T2024;2092935915.72
354279;2024;2T2024;227308697.73
354279;2024;3T2024;337888753.4
354279;2024;4T2024;448862919.25
354295;2024;2T2024;734016449.16
354295;2024;3T2024;1099670324.46
354295;2024;4T2024;1449919204.98
354325;2024;2T2024;225423652.01999998
354325;2024;3T2024;341305393.68
354325;2024;4T2024;434209792.31
354511;2024;2T2024;444076882.96
354511;2024;3T2024;615551132.6
354511;2024;4T2024;792096630.9
354562;2024;2T2024;411019657.13
354562;2024;3T2024;666444895.1899999
354562;2024;4T2024;888736911.7900001
354619;2024;2T2024;101332417.16000001
354619;2024;3T2024;155696673.81
354619;2024;4T2024;199562449.48000002
354627;2024;2T2024;154545721.14
354627;2024;3T2024;223264542.25
354627;2024;4T2024;4447236796.63
354678;2024;2T2024;56398039.34
354678;2024;3T2024;77952653.71000001
354678;2024;4T2024;99041117.95
354686;2024;4T2024;14323660.34
354783;2024;2T2024;867133537.52
354783;2024;3T2024;1306189609.88
354783;2024;4T2024;1728005023.19
354996;2024;2T2024;90100157.71000001
354996;2024;3T2024;149575198.43
354996;2024;4T2024;192945205.19
355097;2024;2T2024;2192661044.15
355097;2024;3T2024;3285297465.93
355097;2024;4T2024;4434090817.54
355151;2024;2T2024;930123623.07
355151;2024;3T2024;1382619369.52
355151;2024;4T2024;1820338040.8400002
355577;2024;2T2024;175387247.23
355577;2024;3T2024;276077928.51
355593;2024;2T2024;152347790.05
355593;2024;3T2024;229982874.9
355593;2024;4T2024;299512498.03000003
355691;2024;2T2024;1804368180.0
355691;2024;3T2024;2812376870.19
355691;2024;4T2024;3709390978.68
355721;2024;2T2024;2153089978.06
355721;2024;3T2024;3271973674.49
355721;2024;4T2024;4363942455.7
356123;2024;2T2024;488305360.05
356123;2024;3T2024;718597438.13
356123;2024;4T2024;968187931.39
356417;2024;2T2024;1101274410.58
356417;2024;3T2024;1653842739.4099998
356417;2024;4T2024;2258718958.8199997
356476;2024;2T2024;359661666.12
356476;2024;3T2024;538263672.94
356476;2024;4T2024;713224705.85
356581;2024;2T2024;161776182.91
356581;2024;3T2024;230540588.41
356581;2024;4T2024;318966070.59000003
357022;2024;2T2024;226946914.14
357022;2024;3T2024;338120238.52
357022;2024;4T2024;456627576.72999996
357138;2024;2T2024;417563025.75
357138;2024;3T2024;621400096.99
357138;2024;4T2024;841380464.12
357260;2024;2T2024;517695143.91
357260;2024;3T2024;776178075.48
357260;2024;4T2024;1043655039.78
357391;2024;2T2024;5057541184.28
357391;2024;3T2024;7659522175.51
357391;2024;4T2024;10262265866.28
357511;2024;2T2024;2673489361.57
357511;2024;3T2024;3903462170.25
357511;2024;4T2024;5087689029.75
357669;2024;2T2024;53687833.45
357669;2024;3T2024;87440040.09
357669;2024;4T2024;116259942.33
357715;2024;2T2024;113205003.6
357715;2024;3T2024;162505287.17
357715;2024;4T2024;214603378.14
358053;2024;2T2024;27099783.04
358053;2024;3T2024;39331108.76
358053;2024;4T2024;64712258.3
358088;2024;2T2024;598361390.9300001
358088;2024;3T2024;899488491.93
358088;2024;4T2024;1187608747.4
358096;2024;2T2024;282489564.05
358096;2024;3T2024;423350840.49
358096;2024;4T2024;554319401.44
358282;2024;2T2024;147580868.17
358282;2024;3T2024;221454189.25
358282;2024;4T2024;297707169.08
358339;2024;2T2024;20520180.51
358339;2024;3T2024;30986197.66
358339;2024;4T2024;40190902.49
358436;2024;2T2024;43634528.95
358436;2024;3T2024;66167833.74
358436;2024;4T2024;88174725.64
358754;2024;2T2024;204338224.93
358754;2024;3T2024;309823933.45
358754;2024;4T2024;405600014.8
359017;2024;2T2024;28134721751.64
359017;2024;3T2024;41302289741.76
359017;2024;4T2024;51025326508.48
359033;2024;2T2024;109912118.35000001
359033;2024;3T2024;168022033.15
359033;2024;4T2024;208328765.94
359122;2024;2T2024;240482822.53
359122;2024;3T2024;371004919.98
359122;2024;4T2024;492115744.38
359289;2024;2T2024;525985539.02
359289;2024;3T2024;769105612.17
359289;2024;4T2024;974269662.28
359394;2024;4T2024;3625565.16
359459;2024;4T2024;655403.2000000001
359661;2024;2T2024;6026616134.45
359661;2024;3T2024;9117582797.84
359661;2024;4T2024;12048132856.49
359726;2024;4T2024;1234731.79
359777;2024;2T2024;688812000.22
359777;2024;3T2024;1007385708.85
359777;2024;4T2024;1336258017.28
360244;2024;2T2024;749322126.54
360244;2024;3T2024;1113485670.85
360244;2024;4T2024;1487430510.75
360414;2024;2T2024;163890236.35999998
360414;2024;3T2024;239526318.67000002
360414;2024;4T2024;304328565.7
360449;2024;2T2024;3702095107.7
360449;2024;3T2024;5637617456.22
360449;2024;4T2024;7378424640.530001
360783;2024;2T2024;27882377.53
360783;2024;3T2024;40102298.01
360783;2024;4T2024;53012054.36
361011;2024;2T2024;1389483107.49
361011;2024;3T2024;2073752440.58
361011;2024;4T2024;2807579603.54
361461;2024;2T2024;197686907.47
361461;2024;3T2024;291927034.40999997
361461;2024;4T2024;392014181.95
361569;2024;2T2024;39849433.16
361569;2024;3T2024;57250324.88
361569;2024;4T2024;62774899.669999994
361593;2024;2T2024;33381099.52
361593;2024;3T2024;50361563.03
361593;2024;4T2024;65897122.69
361615;2024;2T2024;297909604.84
361615;2024;3T2024;490474344.78
361615;2024;4T2024;638852677.52
361941;2024;2T2024;219673091.81
361941;2024;3T2024;335616345.19
361941;2024;4T2024;437855660.08
362140;2024;2T2024;244259934.72
362140;2024;3T2024;353196651.55
362140;2024;4T2024;465112499.49
362573;2024;2T2024;107611137.84
362573;2024;3T2024;165995026.27
362573;2024;4T2024;215695618.89
362824;2024;4T2024;1587366.0999999999
362832;2024;2T2024;89682834.03
362832;2024;3T2024;132093449.03999999
362832;2024;4T2024;173689022.29
363171;2024;2T2024;6427334.66
363171;2024;3T2024;9261107.86
363171;2024;4T2024;12002036.66
363189;2024;2T2024;22628984.61
363189;2024;3T2024;34979521.63
363189;2024;4T2024;46053305.67
363286;2024;2T2024;175317707.86
363286;2024;3T2024;237402559.24
363286;2024;4T2024;295862217.89
363391;2024;2T2024;25543622.61
363391;2024;3T2024;35423307.31
363391;2024;4T2024;46639903.63
363855;2024;2T2024;241381625.99
363855;2024;3T2024;344506595.55
363855;2024;4T2024;467043038.63
364070;2024;2T2024;61291810.03
364070;2024;3T2024;92756109.99
364070;2024;4T2024;125320654.96
364312;2024;2T2024;909193329.51
364312;2024;3T2024;1398394624.72
364312;2024;4T2024;1842037472.8899999
364584;2024;2T2024;1212169964.47
364584;2024;3T2024;1852916702.14
364584;2024;4T2024;2419367932.49
364592;2024;2T2024;109122125.0
364592;2024;3T2024;179194134.57
364592;2024;4T2024;251632054.96
364860;2024;2T2024;528552881.68
364860;2024;3T2024;838253438.72
364860;2024;4T2024;1082814320.27
365238;2024;2T2024;164149754.33
365238;2024;3T2024;247885674.33
365238;2024;4T2024;332161095.53
365297;2024;4T2024;9411020.27
365530;2024;2T2024;118784054.31
365530;2024;3T2024;174695623.47
365530;2024;4T2024;237301132.96
365645;2024;2T2024;2094643.55
365645;2024;3T2024;2525654.64
365645;2024;4T2024;4680301.38
365777;2024;2T2024;241225946.13
365777;2024;3T2024;354203203.32
365777;2024;4T2024;456212279.84999996
365785;2024;2T2024;12829549.13
365785;2024;3T2024;18985036.08
365785;2024;4T2024;24812422.509999998
366064;2024;2T2024;200794165.91
366064;2024;3T2024;297144388.07
366064;2024;4T2024;403190892.96000004
366340;2024;2T2024;118214486.39
366340;2024;3T2024;175389141.63
366340;2024;4T2024;231215191.22
366439;2024;2T2024;42946815.69
366439;2024;3T2024;65801074.57
366439;2024;4T2024;71858540.05
366510;2024;4T2024;2268540.38
366561;2024;2T2024;798933240.85
366561;2024;3T2024;1206303685.28
366561;2024;4T2024;1588776642.4
367087;2024;2T2024;817319282.12
367087;2024;3T2024;1205852050.19
367087;2024;4T2024;1580736820.09
367095;2024;2T2024;760915482.65
367095;2024;3T2024;1139026626.83
367095;2024;4T2024;1536804146.64
367397;2024;2T2024;846643199.74
367397;2024;3T2024;1259813787.74
367397;2024;4T2024;1654019594.49
367613;2024;2T2024;31825766.7
367613;2024;3T2024;53103229.839999996
367613;2024;4T2024;66173554.92
367966;2024;4T2024;3771723.8899999997
368148;2024;2T2024;181908291.74
368148;2024;3T2024;289998566.21
368148;2024;4T2024;379776963.63
368181;2024;4T2024;169305.03999999998
368253;2024;2T2024;23996968173.41
368253;2024;3T2024;34675330360.58
368253;2024;4T2024;43214881927.31
368555;2024;2T2024;86092718.58
368555;2024;3T2024;119627158.72999999
368555;2024;4T2024;157176602.99
368920;2024;2T2024;233555764.69
368920;2024;3T2024;346718129.19
368920;2024;4T2024;468888512.24
369233;2024;2T2024;99388658.77
369233;2024;3T2024;97513164.88
369233;2024;4T2024;71804870.16
369292;2024;2T2024;971308669.42
369292;2024;3T2024;1447652188.77
369292;2024;4T2024;1968138816.7
369411;2024;2T2024;548209599.35
369411;2024;3T2024;734696157.33
369411;2024;4T2024;957979873.0
369462;2024;4T2024;9715932.31
369659;2024;2T2024;1526499854.74
369659;2024;3T2024;2259121894.69
369659;2024;4T2024;2936884181.12
370070;2024;2T2024;1614437107.14
370070;2024;3T2024;2362753536.71
370070;2024;4T2024;3100067254.31
370088;2024;2T2024;167944124.48
370088;2024;3T2024;264044260.98000002
370088;2024;4T2024;330254730.53
370568;2024;2T2024;18562656.55
370568;2024;3T2024;26928933.91
370568;2024;4T2024;35879847.379999995
370592;2024;2T2024;64570567.1
370592;2024;3T2024;89993776.3
370592;2024;4T2024;115314051.45
370681;2024;2T2024;510150503.65
370681;2024;3T2024;747878932.5699999
370681;2024;4T2024;981211979.73
370711;2024;2T2024;12440203.39
370711;2024;3T2024;19070349.21
370711;2024;4T2024;26250459.55
370975;2024;2T2024;148767057.15
370975;2024;3T2024;231021417.75
370975;2024;4T2024;303626316.40000004
371106;2024;2T2024;602861152.64
371106;2024;3T2024;912604392.35
371106;2024;4T2024;1197557555.78
371254;2024;2T2024;2279734519.15
371254;2024;3T2024;3436226069.09
371254;2024;4T2024;4545717706.04
371564;2024;2T2024;111341954.17
371564;2024;3T2024;154306139.61
371564;2024;4T2024;199274913.05
371629;2024;2T2024;471880040.54
371629;2024;3T2024;703711951.5699999
371629;2024;4T2024;954470382.25
371777;2024;2T2024;399120676.41
371777;2024;3T2024;597365265.19
371777;2024;4T2024;815264777.39
372561;2024;2T2024;233520581.67000002
372561;2024;3T2024;356345070.33
372561;2024;4T2024;466785296.6
372609;2024;2T2024;549720853.37
372609;2024;3T2024;826226570.52
372609;2024;4T2024;1116214877.76
373109;2024;4T2024;23946373.65
374440;2024;2T2024;104295253.53
374440;2024;3T2024;163458919.87
374440;2024;4T2024;207220429.78
378216;2024;2T2024;164297646.10999998
378216;2024;3T2024;241472672.93
378216;2024;4T2024;324566213.56
378682;2024;4T2024;8713309.399999999
378941;2024;4T2024;4239814.29
379280;2024;2T2024;523765139.55
379280;2024;3T2024;789506480.32
379280;2024;4T2024;1042436453.66
379956;2024;2T2024;5468152903.03
379956;2024;3T2024;8482319907.09
379956;2024;4T2024;11377619771.65
380661;2024;2T2024;1023205297.41
380661;2024;3T2024;1483797858.05
380661;2024;4T2024;1954991103.87
381144;2024;2T2024;15086765.01
381144;2024;3T2024;22544436.84
381144;2024;4T2024;29042500.47
382281;2024;2T2024;9444622.6
382281;2024;3T2024;12762647.53
382281;2024;4T2024;16112652.38
382337;2024;4T2024;9581551.52
382540;2024;2T2024;276227818.59999996
382540;2024;3T2024;432575750.93
382540;2024;4T2024;569240004.04
382639;2024;2T2024;7586959.899999999
382639;2024;3T2024;10111026.71
382639;2024;4T2024;13043312.95
382655;2024;2T2024;19135492.0
382655;2024;3T2024;27886438.62
382655;2024;4T2024;36629678.36
382876;2024;2T2024;6368603965.01
382876;2024;3T2024;9553407049.07
382876;2024;4T2024;12588072461.23
383929;2024;4T2024;13023739.59
384577;2024;2T2024;1994247337.29
384577;2024;3T2024;3035218941.15
384577;2024;4T2024;4119647824.89
384704;2024;2T2024;104662277.07000001
384704;2024;3T2024;157933890.5
384704;2024;4T2024;203949915.57
384844;2024;4T2024;255959.1
385255;2024;2T2024;391157242.8
385255;2024;3T2024;583933771.63
385255;2024;4T2024;771085861.91
385620;2024;2T2024;151629709.22
385620;2024;3T2024;236926263.38
385620;2024;4T2024;336620797.67
385697;2024;2T2024;1172735575.4
385697;2024;3T2024;1754158391.92
385697;2024;4T2024;2349918367.91
386219;2024;4T2024;1400026.52
386588;2024;2T2024;860958299.2
386588;2024;3T2024;1294553162.66
386588;2024;4T2024;1686269858.08
386596;2024;2T2024;328186609.43
386596;2024;3T2024;432032810.42
386596;2024;4T2024;623674602.45
386901;2024;2T2024;87380325.64
386901;2024;3T2024;129043151.52
386901;2024;4T2024;175098663.5
387185;2024;2T2024;60616558.68
387185;2024;3T2024;79925691.28
387185;2024;4T2024;110883814.60000001
388092;2024;2T2024;30892613.61
388092;2024;3T2024;48298142.05
388092;2024;4T2024;62362183.15
389358;2024;2T2024;34603621.45
389358;2024;3T2024;50063058.53
389358;2024;4T2024;65428317.099999994
389854;2024;2T2024;25844833.490000002
389854;2024;3T2024;42134034.52
389854;2024;4T2024;59152372.44
390259;2024;2T2024;24398291.91
390259;2024;3T2024;34302214.75
390259;2024;4T2024;46054906.55
392804;2024;2T2024;1055744313.99
392804;2024;3T2024;1512269727.74
392804;2024;4T2024;1939711150.29
393533;2024;2T2024;19108414.4
393533;2024;3T2024;32544260.349999998
393533;2024;4T2024;33251256.89
394734;2024;2T2024;323261191.8
394734;2024;3T2024;410893390.04
394734;2024;4T2024;477411921.52000004
395480;2024;2T2024;315931341.42
395480;2024;3T2024;446491060.15
395480;2024;4T2024;558997392.88
397245;2024;2T2024;4120447.16
397245;2024;3T2024;5797728.100000001
397245;2024;4T2024;7291612.91
400556;2024;4T2024;646959.08
400572;2024;4T2024;7077432.1
400882;2024;4T2024;743231.7999999999
401072;2024;4T2024;5118411.57
401081;2024;2T2024;320035790.78
401081;2024;3T2024;466382836.03999996
401081;2024;4T2024;613031262.18
401463;2024;4T2024;3940192.1
401480;2024;2T2024;39570794.13
401480;2024;3T2024;64081176.04
401480;2024;4T2024;88563727.4
401871;2024;4T2024;497502.14999999997
401919;2024;4T2024;1055506.15
402001;2024;2T2024;29357877.17
402001;2024;3T2024;41229599.35
402001;2024;4T2024;52326027.75000001
402010;2024;4T2024;9068771.11
402095;2024;4T2024;2357636.6
402109;2024;4T2024;1457192.51
402206;2024;2T2024;56707195.0
402206;2024;3T2024;89248095.98
402206;2024;4T2024;117149703.3
402516;2024;4T2024;3936295.5700000003
402966;2024;2T2024;63436640.54
402966;2024;3T2024;89638735.37
402966;2024;4T2024;85292458.05
403245;2024;4T2024;5497642.0
403458;2024;4T2024;11019774.950000001
403512;2024;4T2024;6832050.81
403865;2024;4T2024;2440926.88
403911;2024;2T2024;5077684360.88
403911;2024;3T2024;4720776700.66
403911;2024;4T2024;4530759533.9
403962;2024;2T2024;117006953.81
403962;2024;3T2024;248211587.2
403962;2024;4T2024;358824360.58
403997;2024;4T2024;3906088.36
404241;2024;2T2024;35244473.97
404241;2024;3T2024;49810914.1
404241;2024;4T2024;68797311.76
404772;2024;4T2024;2253722.95
404942;2024;4T2024;2499879.66
405582;2024;4T2024;140655.5
405671;2024;4T2024;557522.3
405931;2024;4T2024;144975.25
406121;2024;4T2024;12759265.55
406414;2024;4T2024;4354398.86
406481;2024;2T2024;237066323.19
406481;2024;3T2024;367833289.53
406481;2024;4T2024;485238886.02
406554;2024;2T2024;369346659.65
406554;2024;3T2024;542540188.87
406554;2024;4T2024;764457425.1899999
406635;2024;2T2024;24667433.37
406635;2024;3T2024;32820880.01
406635;2024;4T2024;44461194.33
406805;2024;2T2024;48629064.44
406805;2024;3T2024;76299925.48
406805;2024;4T2024;107763782.55
406813;2024;2T2024;20815832.61
406813;2024;3T2024;26666035.72
406813;2024;4T2024;38054841.73
406937;2024;2T2024;65334462.019999996
406937;2024;3T2024;93251874.36
406937;2024;4T2024;112802212.68
406945;2024;2T2024;148378548.04
406945;2024;3T2024;216111768.26000002
406945;2024;4T2024;279614627.54
407011;2024;2T2024;397338411.5
407011;2024;3T2024;668723403.61
407011;2024;4T2024;895692887.91
407224;2024;2T2024;33091763.25
407224;2024;3T2024;39429966.15
407224;2024;4T2024;46303187.73
407241;2024;4T2024;1795243.99
407534;2024;2T2024;11778339.66
407534;2024;3T2024;15516700.72
407534;2024;4T2024;17743529.21
407569;2024;2T2024;19342835.17
407569;2024;3T2024;28872032.259999998
407569;2024;4T2024;37538723.71
408026;2024;2T2024;17141402.48
408026;2024;3T2024;25907656.77
408026;2024;4T2024;33782281.3
408034;2024;2T2024;13788268.799999999
408034;2024;3T2024;20383944.35
408034;2024;4T2024;27458611.720000003
408093;2024;2T2024;11719429.74
408093;2024;3T2024;20951632.650000002
408093;2024;4T2024;24774991.91
408263;2024;2T2024;28876839.63
408263;2024;3T2024;43511514.910000004
408263;2024;4T2024;54263616.87
408522;2024;2T2024;4523977.53
408522;2024;3T2024;8636629.45
408522;2024;4T2024;12109328.67
408794;2024;2T2024;80307777.09
408794;2024;3T2024;102075243.09
408794;2024;4T2024;142543271.74
409243;2024;2T2024;497197830.71
409243;2024;3T2024;746868784.06
409243;2024;4T2024;953748402.21
409286;2024;2T2024;1662445.02
409286;2024;3T2024;2476421.84
409286;2024;4T2024;3090402.16
409405;2024;2T2024;14518927.790000001
409405;2024;3T2024;20204357.55
409405;2024;4T2024;24288651.51
409413;2024;2T2024;36273951.28
409413;2024;3T2024;49686470.800000004
409413;2024;4T2024;63671088.0
409634;2024;2T2024;21244688.490000002
409634;2024;3T2024;32612214.37
409634;2024;4T2024;41502633.769999996
409791;2024;2T2024;12955236.690000001
409791;2024;3T2024;19137074.08
409791;2024;4T2024;25380246.47
410071;2024;4T2024;148343.9
410110;2024;2T2024;73162457.26
410110;2024;3T2024;106980841.53
410110;2024;4T2024;136612035.32
410128;2024;2T2024;109011387.16
410128;2024;3T2024;164562100.13
410128;2024;4T2024;217510822.66
410292;2024;2T2024;193579467.96
410292;2024;3T2024;281856801.07
410292;2024;4T2024;366108807.88
410608;2024;2T2024;41562903.51
410608;2024;3T2024;59588615.81
410608;2024;4T2024;78301989.34
410624;2024;2T2024;34105569.22
410624;2024;3T2024;50983540.09
410624;2024;4T2024;65138533.44
410888;2024;2T2024;98294756.45
410888;2024;3T2024;118977225.66
410888;2024;4T2024;146008083.6
411248;2024;2T2024;14112840.67
411248;2024;3T2024;20751861.72
411248;2024;4T2024;28392901.369999997
411256;2024;2T2024;1079726912.04
411256;2024;3T2024;1644568133.1299999
411256;2024;4T2024;2218553636.37
411582;2024;2T2024;156663315.69
411582;2024;3T2024;234902159.17
411582;2024;4T2024;309480450.03999996
411752;2024;2T2024;802103403.22
411752;2024;3T2024;1045364208.79
411752;2024;4T2024;1291939404.66
411809;2024;2T2024;35840721.0
411809;2024;3T2024;56599112.11
411809;2024;4T2024;76254306.49
411868;2024;2T2024;12281578.56
411868;2024;3T2024;19139585.76
411868;2024;4T2024;28178454.76
412015;2024;2T2024;10614300.86
412015;2024;3T2024;15766297.21
412015;2024;4T2024;20351726.740000002
412040;2024;4T2024;5345982.7
412058;2024;2T2024;91497233.36
412058;2024;3T2024;138310725.72
412058;2024;4T2024;179210952.07999998
412228;2024;2T2024;896507.47
412252;2024;2T2024;66918077.28
412252;2024;3T2024;100182835.63
412252;2024;4T2024;130874436.77000001
412295;2024;2T2024;143548243.15
412295;2024;3T2024;211693085.28
412295;2024;4T2024;288112971.98
412635;2024;2T2024;95874890.94
412635;2024;3T2024;136018304.37
412635;2024;4T2024;172552564.01
412759;2024;2T2024;106117494.57000001
412759;2024;3T2024;151094717.9
412759;2024;4T2024;175590368.04
412996;2024;2T2024;25577821.91
412996;2024;3T2024;36122974.23
412996;2024;4T2024;48395152.98
413160;2024;2T2024;123145571.92
413160;2024;3T2024;189263365.91
413160;2024;4T2024;248338628.9
413194;2024;3T2024;104891036.52
413194;2024;4T2024;119166612.03
413267;2024;2T2024;2002380.3499999999
413267;2024;3T2024;3739101.98
413267;2024;4T2024;6812239.49
413283;2024;2T2024;9325725.370000001
413283;2024;3T2024;14043446.32
413283;2024;4T2024;19171580.19
413330;2024;2T2024;101639266.69
413330;2024;3T2024;151037492.27
413330;2024;4T2024;202210625.09
413348;2024;4T2024;2290590.05
413372;2024;2T2024;63566779.59
413372;2024;3T2024;90790610.17
413372;2024;4T2024;114552037.36
413429;2024;2T2024;44214966.14
413429;2024;3T2024;66582572.800000004
413429;2024;4T2024;88493577.77
413518;2024;2T2024;47040907.56
413518;2024;3T2024;71695588.74
413518;2024;4T2024;100325255.55
413534;2024;2T2024;2323277027.1
413534;2024;3T2024;3364082675.14
413534;2024;4T2024;4503585161.06
413551;2024;3T2024;1213736.46
413721;2024;2T2024;76735641.58
413721;2024;3T2024;112780573.66
413721;2024;4T2024;150865530.04999998
413747;2024;2T2024;10915030.24
413747;2024;3T2024;16550724.93
413747;2024;4T2024;22113193.63
413941;2024;4T2024;13521477.83
414026;2024;2T2024;15532225.48
414026;2024;3T2024;25509275.81
414026;2024;4T2024;34983351.82
414212;2024;2T2024;80995829.05
414212;2024;3T2024;115214886.03
414212;2024;4T2024;149032760.95
414310;2024;2T2024;365462294.36
414310;2024;3T2024;536472818.3
414310;2024;4T2024;686116011.92
414352;2024;2T2024;327197962.01
414352;2024;3T2024;488217638.89
414352;2024;4T2024;647836991.29
414387;2024;2T2024;13542845.86
414387;2024;3T2024;21135654.46
414387;2024;4T2024;28625247.880000003
414425;2024;4T2024;20925.0
414492;2024;2T2024;565306127.7
414492;2024;3T2024;827226995.29
414492;2024;4T2024;1062030010.95
414557;2024;4T2024;7526295.4
414573;2024;2T2024;178866416.51
414573;2024;3T2024;261721525.99
414573;2024;4T2024;345069124.87
414581;2024;2T2024;405401225.58
414581;2024;3T2024;606184710.55
414581;2024;4T2024;829006370.64
414654;2024;2T2024;12065492.51
414654;2024;3T2024;19286455.88
414654;2024;4T2024;27765722.41
414662;2024;2T2024;2935043.92
414662;2024;3T2024;8114222.5600000005
414662;2024;4T2024;27029921.12
414689;2024;2T2024;13395407.07
414689;2024;3T2024;11822394.56
414689;2024;4T2024;9312620.17
414701;2024;2T2024;19107303.86
414701;2024;3T2024;28552509.470000003
414701;2024;4T2024;38594744.34
414905;2024;2T2024;147899828.49
414905;2024;3T2024;217893898.77
414905;2024;4T2024;258610874.18
414921;2024;4T2024;5434266.13
414930;2024;2T2024;229155039.67000002
414930;2024;3T2024;341045720.23
414930;2024;4T2024;462131404.21
414981;2024;4T2024;159779.22
415014;2024;2T2024;245690621.42
415014;2024;3T2024;356361863.65
415014;2024;4T2024;473973250.27
415057;2024;4T2024;132000.0
415065;2024;2T2024;88847922.42
415065;2024;3T2024;143693056.13
415065;2024;4T2024;172149240.26999998
415081;2024;2T2024;20050540.51
415081;2024;3T2024;23984813.29
415081;2024;4T2024;27127479.39
415111;2024;2T2024;582061099.13
415111;2024;3T2024;865874287.03
415111;2024;4T2024;1149420618.0
415243;2024;2T2024;8706312.81
415243;2024;3T2024;14106149.58
415243;2024;4T2024;19991796.95
415260;2024;4T2024;2882251.7800000003
415626;2024;2T2024;55256210.529999994
415626;2024;3T2024;87495597.03
415626;2024;4T2024;116134218.99
415693;2024;2T2024;372184724.71
415693;2024;3T2024;569138174.81
415693;2024;4T2024;766089010.08
415774;2024;2T2024;524968217.05
415774;2024;3T2024;737417023.91
415774;2024;4T2024;952380574.23
415782;2024;4T2024;252936.75
415821;2024;4T2024;364479.64999999997
415871;2024;4T2024;115939.7
415898;2024;4T2024;3373313.46
415901;2024;2T2024;4350265.9
415901;2024;3T2024;6167170.6
415901;2024;4T2024;8236063.7700000005
415910;2024;2T2024;6553993.2299999995
415910;2024;3T2024;9597789.32
415910;2024;4T2024;12833715.52
415936;2024;2T2024;81748456.69
415936;2024;3T2024;126776778.11
415936;2024;4T2024;174701672.34
415944;2024;2T2024;454887.34
415944;2024;3T2024;608855.37
415944;2024;4T2024;750307.57
415952;2024;4T2024;273279.39999999997
415987;2024;2T2024;14249012.21
415987;2024;3T2024;21260684.0
415987;2024;4T2024;30678586.66
416177;2024;4T2024;1862352.2899999998
416193;2024;4T2024;2026332.9500000002
416371;2024;4T2024;5055907.82
416398;2024;2T2024;193341457.91
416398;2024;3T2024;284128061.15
416398;2024;4T2024;361700158.19
416401;2024;2T2024;522517303.33
416401;2024;3T2024;813214134.2
416401;2024;4T2024;1121332485.62
416410;2024;3T2024;316707.7
416410;2024;4T2024;385841.1
416428;2024;2T2024;2655992264.99
416428;2024;3T2024;3959453170.77
416428;2024;4T2024;5076971369.42
416495;2024;2T2024;169443333.77
416495;2024;3T2024;264379193.14000002
416495;2024;4T2024;351386776.54
416525;2024;2T2024;24023988.34
416525;2024;3T2024;35027053.86
416525;2024;4T2024;47503384.32
416568;2024;2T2024;482861559.34
416568;2024;3T2024;721172628.64
416568;2024;4T2024;965891743.26
416584;2024;2T2024;116950070.71000001
416584;2024;3T2024;185798849.87
416584;2024;4T2024;241938366.39000002
416657;2024;2T2024;962344.1499999999
416657;2024;3T2024;962344.1499999999
416665;2024;4T2024;1192374.4500000002
416690;2024;2T2024;190131685.38
416690;2024;3T2024;288545942.21
416690;2024;4T2024;380848721.52
416738;2024;2T2024;213777803.0
416738;2024;3T2024;325416687.63
416738;2024;4T2024;439119529.78999996
416801;2024;2T2024;232044232.64
416801;2024;3T2024;347058995.08
416801;2024;4T2024;456077779.1
416835;2024;4T2024;170932.03
416908;2024;4T2024;2418112.0
417092;2024;2T2024;4786.84
417092;2024;3T2024;4786.84
417092;2024;4T2024;4786.84
417106;2024;2T2024;7145496.02
417106;2024;3T2024;10947959.969999999
417106;2024;4T2024;13863971.010000002
417114;2024;4T2024;1642481.85
417131;2024;2T2024;6011982.87
417131;2024;3T2024;8185248.21
417131;2024;4T2024;12672543.15
417149;2024;4T2024;0.0
417173;2024;2T2024;-1255223.9
417173;2024;3T2024;-618698.74
417173;2024;4T2024;2384289.9
417211;2024;2T2024;162895902.12
417211;2024;3T2024;253058821.82
417211;2024;4T2024;343954521.09
417220;2024;2T2024;9387667.74
417220;2024;3T2024;12507588.74
417220;2024;4T2024;15421416.76
417297;2024;2T2024;273185458.58
417297;2024;3T2024;423643499.33
417297;2024;4T2024;554545125.84
417301;2024;2T2024;-15752.5
417301;2024;3T2024;-96104.56
417301;2024;4T2024;-100478.5
417424;2024;2T2024;0.0
417424;2024;3T2024;0.0
417424;2024;4T2024;0.0
417441;2024;4T2024;63923.28
417475;2024;2T2024;17449758.92
417475;2024;3T2024;28660521.47
417475;2024;4T2024;39892646.71
417491;2024;2T2024;150716.52
417491;2024;3T2024;408370.16000000003
417491;2024;4T2024;2691293.45
417505;2024;2T2024;1651032637.82
417505;2024;3T2024;2390054653.28
417505;2024;4T2024;3038019466.23
417530;2024;2T2024;793090755.5600001
417530;2024;3T2024;1198488670.8200002
417530;2024;4T2024;1595193777.78
417548;2024;2T2024;495880343.23
417548;2024;3T2024;760911359.87
417548;2024;4T2024;1042361175.31
417564;2024;4T2024;7062.35
417599;2024;2T2024;286952206.68
417599;2024;3T2024;428813120.76
417599;2024;4T2024;572990608.61
417611;2024;2T2024;0.0
417611;2024;3T2024;0.0
417611;2024;4T2024;0.0
417661;2024;2T2024;172497253.72
417661;2024;3T2024;261864008.36999997
417661;2024;4T2024;346585696.62
417718;2024;2T2024;679641.61
417718;2024;3T2024;0.0
417718;2024;4T2024;0.0
417769;2024;4T2024;0.0
417815;2024;2T2024;209167885.57
417815;2024;3T2024;309444557.52
417815;2024;4T2024;403488839.58000004
417831;2024;2T2024;8364290.09
417831;2024;3T2024;12528430.44
417831;2024;4T2024;17035032.47
417840;2024;2T2024;6241373.49
417840;2024;3T2024;9279948.24
417840;2024;4T2024;11405030.700000001
417874;2024;4T2024;1478833.39
417947;2024;2T2024;324056378.15999997
417947;2024;3T2024;478730120.02
417947;2024;4T2024;611553662.88
417955;2024;2T2024;183289664.38
417955;2024;3T2024;275217566.14
417955;2024;4T2024;378955278.1
418021;2024;2T2024;892324128.14
418021;2024;3T2024;1307610271.08
418021;2024;4T2024;1703082871.94
418030;2024;2T2024;304.89
418030;2024;3T2024;304.89
418030;2024;4T2024;304.89
418048;2024;4T2024;0.0
418072;2024;2T2024;6014535.3100000005
418072;2024;3T2024;5101213.0
418072;2024;4T2024;7083393.790000001
418129;2024;2T2024;17272362.43
418129;2024;3T2024;25779121.68
418129;2024;4T2024;35340187.68
418137;2024;2T2024;74414909.03
418137;2024;3T2024;108153610.27
418137;2024;4T2024;132381724.12
418161;2024;4T2024;0.0
418170;2024;2T2024;708277706.68
418170;2024;3T2024;1165386272.84
418170;2024;4T2024;1611819311.78
418200;2024;4T2024;5795181.930000001
418218;2024;2T2024;10713694.020000001
418218;2024;3T2024;16636163.77
418218;2024;4T2024;24517196.23
418226;2024;2T2024;13184825.94
418226;2024;3T2024;25120735.63
418226;2024;4T2024;37931966.75
418242;2024;4T2024;809415.5399999999
418285;2024;2T2024;98550176.55000001
418285;2024;3T2024;139398689.84
418285;2024;4T2024;175547691.08
418340;2024;4T2024;50308.32
418374;2024;2T2024;339400506.05
418374;2024;3T2024;490274602.4
418374;2024;4T2024;634777355.44
418447;2024;4T2024;644227.0800000001
418501;2024;2T2024;32764145.76
418501;2024;3T2024;47785164.14
418501;2024;4T2024;66139465.0
418536;2024;3T2024;0.0
418536;2024;4T2024;0.0
418552;2024;3T2024;-583669.54
418552;2024;4T2024;-1914416.77
418587;2024;2T2024;162091933.37
418587;2024;3T2024;238758178.37
418587;2024;4T2024;324152417.1
418617;2024;2T2024;84783352.52
418617;2024;3T2024;138804578.85
418617;2024;4T2024;201007547.86
418650;2024;2T2024;413873340.51
418650;2024;3T2024;601741161.53
418650;2024;4T2024;781697088.46
418731;2024;2T2024;159172650.71
418731;2024;3T2024;239596524.62
418731;2024;4T2024;330642430.28
418749;2024;2T2024;14815748.81
418749;2024;3T2024;20453618.17
418749;2024;4T2024;27238454.22
418790;2024;4T2024;3635923.2
418803;2024;2T2024;249408905.29
418803;2024;3T2024;364168993.5
418803;2024;4T2024;491597471.63
418820;2024;2T2024;156345575.51000002
418820;2024;3T2024;208033293.75
418820;2024;4T2024;261631204.70000002
418919;2024;2T2024;148946584.14000002
418919;2024;3T2024;220001239.03
418919;2024;4T2024;277792041.84
418960;2024;2T2024;6600.0
418960;2024;3T2024;19200.0
418960;2024;4T2024;62400.0
418994;2024;4T2024;6305423.05
419010;2024;2T2024;1100828614.36
419010;2024;3T2024;1663943683.13
419010;2024;4T2024;2170050747.94
419028;2024;2T2024;8790596.98
419028;2024;3T2024;12930539.48
419028;2024;4T2024;16768414.87
419052;2024;2T2024;145194785.82
419052;2024;3T2024;219387572.92
419052;2024;4T2024;297125858.78999996
419061;2024;4T2024;361820.45
419079;2024;2T2024;1304039.03
419079;2024;3T2024;1304039.03
419079;2024;4T2024;1361930.81
419133;2024;2T2024;1435548719.45
419133;2024;3T2024;2000969464.5000002
419133;2024;4T2024;2736118948.09
419141;2024;2T2024;276284543.04
419141;2024;3T2024;418146136.18
419141;2024;4T2024;544427311.74
419150;2024;2T2024;153022935.26
419150;2024;3T2024;232134866.02
419150;2024;4T2024;315897868.16
419168;2024;2T2024;8782493.05
419168;2024;3T2024;8418088.02
419168;2024;4T2024;8356552.04
419184;2024;4T2024;1903909.7
419249;2024;2T2024;1143019276.1200001
419249;2024;3T2024;1758561874.3200002
419249;2024;4T2024;2340598997.68
419257;2024;2T2024;0.0
419257;2024;3T2024;0.0
419257;2024;4T2024;0.0
419281;2024;2T2024;6382940.010000001
419281;2024;3T2024;9203281.41
419281;2024;4T2024;11642402.86
419290;2024;2T2024;146661.95
419290;2024;3T2024;322117.73
419290;2024;4T2024;471202.52
419354;2024;2T2024;13825978.48
419354;2024;3T2024;19118017.919999998
419354;2024;4T2024;24279439.169999998
419389;2024;2T2024;374697.05
419389;2024;3T2024;303972.64
419389;2024;4T2024;304357.78
419419;2024;2T2024;97351969.95
419419;2024;3T2024;145928661.52
419427;2024;2T2024;156820239.49
419427;2024;3T2024;236483252.16
419427;2024;4T2024;310255329.56
419486;2024;2T2024;176485947.48
419486;2024;3T2024;255998774.72000003
419486;2024;4T2024;322499252.81
419516;2024;2T2024;163239688.85
419516;2024;3T2024;224747342.14000002
419516;2024;4T2024;265229081.97
419524;2024;2T2024;4543844.069999999
419524;2024;3T2024;6340096.8
419524;2024;4T2024;8178750.82
419567;2024;2T2024;0.0
419567;2024;3T2024;0.0
419567;2024;4T2024;0.0
419583;2024;4T2024;4429657.74
419591;2024;2T2024;12145246.79
419591;2024;3T2024;19848592.91
419591;2024;4T2024;24613172.45
419699;2024;2T2024;101824348.73
419699;2024;3T2024;156008895.23
419699;2024;4T2024;205869104.22
419729;2024;4T2024;11606774.6
419753;2024;2T2024;28390155.36
419753;2024;3T2024;39898250.32
419753;2024;4T2024;52733321.57
419761;2024;4T2024;1.0
419818;2024;4T2024;6987836.28
419834;2024;2T2024;3457868.77
419834;2024;3T2024;3491377.06
419851;2024;2T2024;32314757.810000002
419851;2024;3T2024;45773009.42
419851;2024;4T2024;58821059.53
419907;2024;4T2024;-189383.0
419958;2024;2T2024;103081896.58000001
419958;2024;3T2024;154015153.08
419958;2024;4T2024;197942814.87
419974;2024;2T2024;18029532.35
419974;2024;3T2024;29406893.84
419974;2024;4T2024;40486740.58
419982;2024;4T2024;0.0
419991;2024;4T2024;0.0
420000;2024;2T2024;173481863.28
420000;2024;3T2024;263438819.0
420000;2024;4T2024;345097993.42
420051;2024;2T2024;7541928.4
420051;2024;3T2024;11038367.81
420051;2024;4T2024;13738281.35
420077;2024;2T2024;761713140.29
420077;2024;3T2024;1156463022.91
420077;2024;4T2024;1518091150.99
420085;2024;2T2024;53144984.39
420085;2024;3T2024;80664628.17
420085;2024;4T2024;103041144.08
420093;2024;2T2024;15542317.47
420093;2024;3T2024;19487580.03
420093;2024;4T2024;21661398.95
420107;2024;2T2024;-39886.6
420107;2024;3T2024;119453.63
420107;2024;4T2024;127158.47
420123;2024;2T2024;22105816.28
420123;2024;3T2024;31757280.8
420123;2024;4T2024;42560074.84
420158;2024;2T2024;270759967.55
420158;2024;3T2024;413845634.56
420158;2024;4T2024;533268759.09
420166;2024;2T2024;384575593.08
420166;2024;3T2024;609929344.4
420166;2024;4T2024;828960914.58
420239;2024;4T2024;1240215.0999999999
420255;2024;4T2024;0.0
420271;2024;2T2024;36603349.65
420271;2024;3T2024;54351322.41
420280;2024;4T2024;0.0
420301;2024;4T2024;0.0
420701;2024;2T2024;85152426.87
420701;2024;3T2024;132598212.97
420701;2024;4T2024;178966822.41
420778;2024;4T2024;0.0
420786;2024;2T2024;70367214.78
420786;2024;3T2024;104486524.76
420786;2024;4T2024;139401127.16
420816;2024;2T2024;6221600.35
420816;2024;3T2024;8717564.78
420816;2024;4T2024;11042348.94
420841;2024;2T2024;451136.18
420841;2024;3T2024;4207061.34
420841;2024;4T2024;4408805.48
420930;2024;2T2024;9752224.74
420930;2024;3T2024;14070419.64
420972;2024;4T2024;20698705.19
420981;2024;2T2024;19819365.87
420981;2024;3T2024;30436105.98
420981;2024;4T2024;39021605.44
420999;2024;4T2024;0.0
421006;2024;2T2024;136811198.42000002
421006;2024;3T2024;203625822.56
421006;2024;4T2024;286475589.34000003
421049;2024;4T2024;8900123.5
421081;2024;4T2024;5515262.65
421120;2024;4T2024;0.0
421146;2024;2T2024;0.0
421146;2024;3T2024;0.0
421146;2024;4T2024;0.0
421154;2024;2T2024;77907466.65
421154;2024;3T2024;126483461.17999999
421154;2024;4T2024;182507101.25
421189;2024;2T2024;6890800.0600000005
421189;2024;3T2024;10374482.07
421189;2024;4T2024;13921448.35
421197;2024;2T2024;227174840.16
421197;2024;3T2024;339772507.53000003
421197;2024;4T2024;446107337.56
421286;2024;4T2024;568726.62
421324;2024;4T2024;0.0
421341;2024;2T2024;233170196.2
421341;2024;3T2024;358970155.79
421341;2024;4T2024;490143736.11
421359;2024;2T2024;46346224.21
421359;2024;3T2024;69267329.11
421359;2024;4T2024;90646668.19
421367;2024;2T2024;21596266.96
421367;2024;3T2024;27039099.990000002
421367;2024;4T2024;37348933.15
421383;2024;4T2024;863272.16
421421;2024;2T2024;631782179.1
421421;2024;3T2024;937968064.02
421421;2024;4T2024;1245222872.14
421464;2024;4T2024;427022.31
421545;2024;4T2024;295276.1
421561;2024;2T2024;1589464.1
421561;2024;3T2024;2458026.7399999998
421561;2024;4T2024;3344936.92
421618;2024;2T2024;17418329.9
421618;2024;3T2024;27140975.06
421618;2024;4T2024;33397899.959999997
421634;2024;2T2024;13826876.639999999
421634;2024;3T2024;19029708.38
421634;2024;4T2024;24749183.580000002
421707;2024;2T2024;24229501.98
421707;2024;3T2024;38477858.09
421707;2024;4T2024;53356406.53
421715;2024;2T2024;3310884995.59
421715;2024;3T2024;4922510855.16
421715;2024;4T2024;6395215018.76
421723;2024;2T2024;8752364.99
421723;2024;3T2024;12523747.23
421723;2024;4T2024;16429503.639999999
421731;2024;2T2024;101986263.14
421731;2024;3T2024;164262571.41
421731;2024;4T2024;214814138.3
421766;2024;2T2024;98594004.41000001
421766;2024;3T2024;166628081.76
421766;2024;4T2024;247997085.82
421774;2024;4T2024;0.0
421871;2024;2T2024;22240138.63
421871;2024;3T2024;34637582.22
421871;2024;4T2024;45748754.61
421928;2024;2T2024;790642831.02
421928;2024;3T2024;1176229156.74
421928;2024;4T2024;1596512490.4599998
421944;2024;2T2024;169202020.44
421944;2024;3T2024;241220408.51000002
421944;2024;4T2024;308021271.8
421952;2024;4T2024;1029377.1000000001
422029;2024;2T2024;525826033.40999997
422029;2024;3T2024;816178165.09
422029;2024;4T2024;1127405995.69
422045;2024;4T2024;10000.0
422053;2024;2T2024;85730004.4
422053;2024;3T2024;122672648.80000001
422053;2024;4T2024;158275555.55
422070;2024;2T2024;181203719.56
422070;2024;3T2024;279563433.42
422070;2024;4T2024;378518881.56
422088;2024;2T2024;7124976.95
422088;2024;3T2024;16472233.32
422088;2024;4T2024;21670231.07
422126;2024;2T2024;53385.21
422126;2024;3T2024;85704.99
422126;2024;4T2024;29553.34
422134;2024;2T2024;27446435.32
422134;2024;3T2024;40707974.68
422134;2024;4T2024;47499320.97
422151;2024;2T2024;30800495.939999998
422151;2024;3T2024;53368260.129999995
422151;2024;4T2024;75184240.03
422304;2024;2T2024;18604027.77
422304;2024;3T2024;23001813.94
422304;2024;4T2024;29656989.75
422321;2024;2T2024;133377749.38
422321;2024;3T2024;212126455.64
422321;2024;4T2024;287841389.53
422339;2024;2T2024;565467580.1
422339;2024;3T2024;904363203.11
422339;2024;4T2024;1302577690.1
422355;2024;4T2024;4853754.12
422371;2024;2T2024;17673413.54
422371;2024;3T2024;32614464.09
422371;2024;4T2024;53029117.010000005
422380;2024;2T2024;78990712.61
422380;2024;3T2024;128779910.42
422398;2024;2T2024;263219786.14000002
422398;2024;3T2024;400911822.74
422398;2024;4T2024;531955209.79
422401;2024;2T2024;0.0
422401;2024;3T2024;0.0
422401;2024;4T2024;0.0
422479;2024;2T2024;1240225.43
422479;2024;3T2024;2175149.76
422479;2024;4T2024;2192920.68
422487;2024;2T2024;8120262.76
422487;2024;3T2024;17272606.97
422487;2024;4T2024;29488959.95
422533;2024;4T2024;2043357.3399999999
422576;2024;2T2024;0.0
422576;2024;3T2024;0.0
422576;2024;4T2024;0.0
422584;2024;2T2024;35778475.27
422584;2024;3T2024;51514771.47
422584;2024;4T2024;68835950.45
422592;2024;2T2024;5710.12
422592;2024;3T2024;-10023.07
422592;2024;4T2024;28903.93
422606;2024;2T2024;272812406.40999997
422622;2024;4T2024;916623.3300000001
422631;2024;2T2024;3732327497.12
422631;2024;3T2024;5455647515.75
422631;2024;4T2024;6332092368.26
422665;2024;2T2024;5215705.24
422673;2024;4T2024;1309030.27
422681;2024;2T2024;152660626.59
422681;2024;3T2024;267775276.53
422681;2024;4T2024;399596689.41
422703;2024;4T2024;1502551.35
422720;2024;2T2024;15256414.61
422720;2024;3T2024;32682919.29
422746;2024;3T2024;531503.8
422746;2024;4T2024;1723628.05
422754;2024;2T2024;29103465.65
422754;2024;3T2024;30813829.57
422754;2024;4T2024;29450536.26
422762;2024;2T2024;31186150.19
422762;2024;3T2024;50798705.38
422762;2024;4T2024;70275086.38
422771;2024;2T2024;257028053.81
422771;2024;3T2024;359993338.56
422771;2024;4T2024;468347219.0
422827;2024;2T2024;55815221.12
422827;2024;3T2024;99415020.04
422827;2024;4T2024;165668166.22
422835;2024;2T2024;50515273.33
422835;2024;3T2024;71375261.94
422835;2024;4T2024;90680071.0
422851;2024;4T2024;1124511.13
422878;2024;4T2024;0.0
422924;2024;4T2024;1115999.0
422941;2024;4T2024;0.0
422959;2024;2T2024;8843630.93
422959;2024;3T2024;16262034.51
422959;2024;4T2024;23663088.8
422975;2024;4T2024;6200219.83
422991;2024;2T2024;0.0
422991;2024;3T2024;0.0
422991;2024;4T2024;0.0
423017;2024;2T2024;0.0
423017;2024;3T2024;0.0
423050;2024;4T2024;1793274.75
423122;2024;4T2024;0.0
423157;2024;2T2024;24013.969999999998
423157;2024;3T2024;8822.08
423157;2024;4T2024;1976.62
423173;2024;2T2024;309421059.19
423173;2024;3T2024;566797035.16
423173;2024;4T2024;1014828529.5300001
423181;2024;2T2024;2876112.1799999997
423181;2024;3T2024;4869641.2
423181;2024;4T2024;6326447.28
423203;2024;2T2024;3717274.15
423203;2024;3T2024;23868595.330000002
423203;2024;4T2024;30420027.31
423220;2024;4T2024;0.0
423262;2024;2T2024;7097725.720000001
423262;2024;3T2024;9198332.4
423262;2024;4T2024;9869811.299999999
423319;2024;2T2024;102586613.67
423319;2024;3T2024;144207816.96
423319;2024;4T2024;217983085.6
423335;2024;2T2024;21971582.200000003
423335;2024;3T2024;54498118.32
423335;2024;4T2024;95641220.74
423351;2024;4T2024;124178848.21
423408;2024;2T2024;5102953.71
423408;2024;3T2024;7442559.25
423408;2024;4T2024;9301918.530000001
423432;2024;2T2024;1396425.36
423432;2024;3T2024;2506748.22
423432;2024;4T2024;5624948.92
423441;2024;2T2024;2436767.0300000003
423483;2024;2T2024;294020.60000000003
423483;2024;3T2024;533317.71
423483;2024;4T2024;842257.32
423491;2024;4T2024;0.0
423564;2024;2T2024;122793.62
423564;2024;3T2024;493983.69
423564;2024;4T2024;1512317.31
423581;2024;2T2024;0.0
423581;2024;3T2024;0.0
423629;2024;2T2024;5866068.9
423629;2024;3T2024;17241705.45
423629;2024;4T2024;36158312.84
423645;2024;4T2024;0.0
423661;2024;4T2024;54165438.08
423670;2024;4T2024;0.0
423700;2024;2T2024;15550.95
423700;2024;3T2024;0.0
423700;2024;4T2024;31900.32
423718;2024;2T2024;3646762.77
423718;2024;3T2024;15347133.780000001
423726;2024;4T2024;232060.6
423742;2024;4T2024;0.0
423815;2024;4T2024;5968.349999999999
423858;2024;2T2024;0.0
423858;2024;3T2024;0.0
423858;2024;4T2024;0.0
423874;2024;4T2024;238333.86000000002
423882;2024;3T2024;11.0
423921;2024;3T2024;11.0
423947;2024;4T2024;0.0
424013;2024;3T2024;0.0
424013;2024;4T2024;0.0
424030;2024;4T2024;572793.6799999999
424048;2024;3T2024;53274.96
424048;2024;4T2024;1179389.58
424064;2024;4T2024;523309.35
424129;2024;4T2024;0.0
424145;2024;2T2024;0.0
424145;2024;3T2024;0.0
424145;2024;4T2024;0.0
424161;2024;4T2024;0.0
424170;2024;4T2024;768601.29
